name,vertical,city_state,website,email,phone,personalization_hook
JDV MedSpa of Chattanooga,Med spa / aesthetics,"Chattanooga, TN",https://www.medspaofchattanooga.com/,amlabonne01@gmail.com,(423) 648-7721,Site promises to 'get back to you soon' instead of an instant reply — every lead waits while competitors answer in seconds.
Center Medspa,Med spa / aesthetics,"Chattanooga, TN",https://www.centermedspa.com/,info@centermedspa.com,(423) 643-1980,Site promises to 'get back to you as soon' instead of an instant reply — every lead waits while competitors answer in seconds.
Larimar MedSpa,Med spa / aesthetics,"Chattanooga, TN",https://www.larimarmedspa.com/,info@larimarmedspa.com,(423) 755-8880,"No online booking widget on the site — prospects must call or fill a form, and there's no instant auto-reply to hold the appointment."
Werschler Aesthetics,Med spa / aesthetics,"Spokane, WA",https://www.werschleraesthetics.com/,info@spokanederm.com,(509) 344-3223,"No online booking widget on the site — prospects must call or fill a form, and there's no instant auto-reply to hold the appointment."
Moore Road MediSpa,Med spa / aesthetics,"Chattanooga, TN",https://moorerdmedispa.com/,moorerdmedispa@gmail.com,(423) 475-5305,"No online booking widget on the site — prospects must call or fill a form, and there's no instant auto-reply to hold the appointment."
Agape Medical Spa,Med spa / aesthetics,"Chattanooga, TN",https://agapemedicalspachatt.com/,FORM ONLY: https://agapemedicalspachatt.com/contact-us,(423) 771-7731,Online booking exists but there's no instant text-back/auto-reply for phone or form leads who don't self-book — those leads can go cold.
Allante Life Med Spa,Med spa / aesthetics,"Boise, ID",https://allantelife.com/,info@allantelife.com,(208) 377-5433,"No automated speed-to-lead follow-up evident — inbound leads rely on manual, business-hours response."
Crafted Beauty Med Spa,Med spa / aesthetics,"Spokane, WA",https://craftedbeauty.com/,info@craftedbeauty.com,(509) 443-3594,Online booking exists but there's no instant text-back/auto-reply for phone or form leads who don't self-book — those leads can go cold.
Evo Med Spa,Med spa / aesthetics,"Spokane, WA",https://www.evomedspa.com/,info@evomedspa.com,(509) 215-4850,"No automated speed-to-lead follow-up evident — inbound leads rely on manual, business-hours response."
Sarah Hamilton Face,Med spa / aesthetics,"Spokane, WA",https://www.sarahhamiltonface.com/,info@sarahhamiltonface.com,(509) 267-8601,Online booking exists but there's no instant text-back/auto-reply for phone or form leads who don't self-book — those leads can go cold.
Thrive Wellness,Med spa / aesthetics,"Chattanooga, TN",https://www.thethrivewellness.com/,FORM ONLY: https://www.thethrivewellness.com/contact,(423) 994-8243,Online booking exists but there's no instant text-back/auto-reply for phone or form leads who don't self-book — those leads can go cold.
Spa 35 Med Spa,Med spa / aesthetics,"Boise, ID",https://spa35.com/,betterskin@spa35.com,(208) 367-0700,Online booking exists but there's no instant text-back/auto-reply for phone or form leads who don't self-book — those leads can go cold.
Blush Med Spa,Med spa / aesthetics,"Boise, ID",https://www.blushmedspaidaho.com/,sherry@blushmedspaidaho.com,(208) 807-0581,Online booking exists but there's no instant text-back/auto-reply for phone or form leads who don't self-book — those leads can go cold.
Spa Pavone,Med spa / aesthetics,"Spokane, WA",https://spa-pavone.com/,spapavone@plasticsurgerynorthwest.com,(509) 275-6900,Online booking exists but there's no instant text-back/auto-reply for phone or form leads who don't self-book — those leads can go cold.
Eumorphia Medspa,Med spa / aesthetics,"Chattanooga, TN",https://eumorphiamedspa.com/,FORM ONLY: https://eumorphiamedspa.com/contact,(423) 206-5093,"No automated speed-to-lead follow-up evident — inbound leads rely on manual, business-hours response."
Premier Medical Aesthetics,Med spa / aesthetics,"Chattanooga, TN",https://premiermedspachatt.com/,booking@premiermedspachatt.com,(423) 498-5777,"No automated speed-to-lead follow-up evident — inbound leads rely on manual, business-hours response."
Randall E. Reagan Attorney At Law,Personal injury law,"Knoxville, TN",https://www.randallreagan.com/,justice@randallreagan.com,(865) 637-8505,Site promises to 'get back to you as soon' instead of an instant reply — every lead waits while competitors answer in seconds.
Law Office of Tom Farrell,Personal injury law,"Spokane, WA",https://tomfarrell-law.com/,farrelllaw@yahoo.com,(509) 326-8387,Site promises to 'get back to you as soon' instead of an instant reply — every lead waits while competitors answer in seconds.
Idaho Injury Law Group,Personal injury law,"Boise, ID",https://idahoinjurylawgroup.com/,FORM ONLY: https://idahoinjurylawgroup.com/contact-us,(208) 615-2399,"Just 3 reviews (5★) despite years in practice — no automated review request after case resolution, leaving easy social proof on the table."
Law Offices Of Comstock & Bush,Personal injury law,"Boise, ID",https://comstockandbush.com/,info@comstockbush.com,(208) 344-7700,"Just 3 reviews (5★) despite years in practice — no automated review request after case resolution, leaving easy social proof on the table."
Copeland Whittenburg Meeks & Andrews,Personal injury law,"Chattanooga, TN",https://cwmalawfirm.com/,info@cwmalawfirm.com,(423) 629-9000,"Just 15 reviews (5★) despite years in practice — no automated review request after case resolution, leaving easy social proof on the table."
Cox Law Offices,Personal injury law,"Knoxville, TN",https://tennesseeinjurylaw.com/,info@tennesseeinjurylaw.com,(855) 668-0007,"Just 1 reviews (5★) despite years in practice — no automated review request after case resolution, leaving easy social proof on the table."
"Wykoff & Sikes, PLLC",Personal injury law,"Knoxville, TN",https://wykoffandsikes.com/,wayne@wykoffandsikes.com,(865) 320-9444,Site promises to 'get back to you as soon' instead of an instant reply — every lead waits while competitors answer in seconds.
Charles Bean & Associates PLLC,Personal injury law,"Coeur d'Alene, ID",https://beaninjurylaw.com/,info@beanlawinw.com,(208) 504-1265,"Just 28 reviews (4.34★) despite years in practice — no automated review request after case resolution, leaving easy social proof on the table."
"Sawtooth Law Offices, PLLC",Personal injury law,"Boise, ID",https://sawtoothlaw.com/,katie@sawtoothlaw.com,(208) 629-7447,"Just 10 reviews (4.9★) despite years in practice — no automated review request after case resolution, leaving easy social proof on the table."
"Bunstine, Watson & Becker",Personal injury law,"Knoxville, TN",https://knoxtnattorney.com/,FORM ONLY: https://knoxtnattorney.com/contact,(865) 523-3022,"Just 30 reviews (4.26★) despite years in practice — no automated review request after case resolution, leaving easy social proof on the table."
Derek A. Pica PLLC,Family law,"Boise, ID",https://www.picalawfirm.com/,admin@picalawfirm.com,(208) 314-1161,Site promises to 'get back to you as soon' instead of an instant reply — every lead waits while competitors answer in seconds.
Idaho Divorce Center,Family law,"Boise, ID",https://idahodivorcecenter.com/,joe@joefricklaw.com,(208) 268-8253,"Just 1 reviews (5★) despite years in practice — no automated review request after case resolution, leaving easy social proof on the table."
West Legal Offices P.C.,Family law,"Boise, ID",https://westlegaloffices.com/,FORM ONLY: https://westlegaloffices.com/contact,(208) 344-9378,"Just 29 reviews (4.6★) despite years in practice — no automated review request after case resolution, leaving easy social proof on the table."
Bernard Schaefer,Family law,"Grand Rapids, MI",https://bernardschaefer.com/,attorney@bernardschaefer.com,(616) 272-4361,"Just 20 reviews (5★) despite years in practice — no automated review request after case resolution, leaving easy social proof on the table."
Sobieski Messer & Elledge,Family law,"Knoxville, TN",https://sobieskimesser.com/,FORM ONLY: https://sobieskimesser.com/contact,(865) 546-7770,"Just 24 reviews (4.3★) despite years in practice — no automated review request after case resolution, leaving easy social proof on the table."
Mason Law,Family law,"Spokane, WA",https://spokaneinjuryanddivorcelaw.com/,craigmasonmason@yahoo.com,(509) 443-3681,"Just 25 reviews (5★) despite years in practice — no automated review request after case resolution, leaving easy social proof on the table."
Peltram Law Offices,Family law,"Spokane, WA",https://www.peltramlaw.com/,dana@peltramlaw.com,(509) 624-4922,"Just 33 reviews (4.7★) despite years in practice — no automated review request after case resolution, leaving easy social proof on the table."
"Cooney Law Offices, P.S.",Family law,"Spokane, WA",https://www.jcooney.com/,info@jcooney.com,(888) 302-2613,Contact form with no live chat or instant auto-reply — inbound leads sit unanswered until someone manually checks the inbox.
Spokane Divorce Attorneys,Family law,"Spokane, WA",https://spokane-divorce.com/,office@spokane-divorce.com,(509) 593-0033,Contact form with no live chat or instant auto-reply — inbound leads sit unanswered until someone manually checks the inbox.
General Air Service,HVAC,"Knoxville, TN",https://generalairservice.com/,office@generalairservice.com,(865) 966-9889,Site promises to 'within 24 hours' instead of an instant reply — every lead waits while competitors answer in seconds.
HVAC 1,HVAC,"Spokane, WA",https://hvac1pros.com/,office@hvac1pros.com,(509) 979-9331,Site promises to 'within 24 hours' instead of an instant reply — every lead waits while competitors answer in seconds.
Casper Heating & Cooling LLC,HVAC,"Boise, ID",https://casperheatcool.com/,casperheatcool@gmail.com,(208) 969-0476,Site promises to 'get back to you as soon' instead of an instant reply — every lead waits while competitors answer in seconds.
Haisma Heating & Cooling,HVAC,"Comstock Park, MI",https://www.hhcgr.com/,FORM ONLY: https://www.hhcgr.com/contact-us,(616) 319-2121,Site promises to 'get back to you as soon' instead of an instant reply — every lead waits while competitors answer in seconds.
Cook’s Comfort Systems,HVAC,"Oak Ridge, TN",https://cookscomfortsystems.com/,info@cookscomfortsystems.com,(865) 481-3344,Thin online reputation at 5 reviews (4.17★) — no automated review-request flow after completed jobs.
A-1 Team Heating and Cooling Solutions,HVAC,"Spokane, WA",https://a-1team.net/,info@a-1team.com,(509) 276-9955,Thin online reputation at 14 reviews (4.94★) — no automated review-request flow after completed jobs.
Butler Heating & Air Conditioning,HVAC,"Boise, ID",https://gobutlerheating.com/,gobutlerheating@gmail.com,(208) 362-5697,Thin online reputation at 4 reviews (5★) — no automated review-request flow after completed jobs.
"G.R.I.P.S., Inc.",HVAC,"Grandville, MI",https://gripsmc.com/,sdykstra@gripsmc.com,(616) 532-8887,Thin online reputation at 6 reviews (4.8★) — no automated review-request flow after completed jobs.
Chancey & Reynolds,HVAC,"Knoxville, TN",https://chanceyreynolds.com/,FORM ONLY: https://chanceyreynolds.com/contact,(865) 525-5076,Thin online reputation at 5 reviews (4.17★) — no automated review-request flow after completed jobs.
Madison Roofing,Roofing,"Boise, ID",https://madisonroofing.com/,info@madisonroofing.com,(208) 344-5379,Site promises to 'get back to you as soon' instead of an instant reply — every lead waits while competitors answer in seconds.
North Knox Siding & Windows,Roofing,"Knoxville, TN",https://northknoxsidingandwindows.com/,office@northknoxsidingandwindows.com,(865) 689-0505,Site promises to 'one business day' instead of an instant reply — every lead waits while competitors answer in seconds.
A&B Roofing & Construction LLC,Roofing,"Meridian, ID",https://aandbroofingconstructionllc.com/,FORM ONLY: https://aandbroofingconstructionllc.com/contact,(208) 794-4390,Site promises to 'within 48 hours' instead of an instant reply — every lead waits while competitors answer in seconds.
Legacy Roofing & Restorations,Roofing,"Coopersville, MI",https://legacyroofinggr.com/,jeremylegacyroofing@gmail.com,(616) 414-0054,Site promises to 'get back to you as soon' instead of an instant reply — every lead waits while competitors answer in seconds.
Lake Michigan Construction,Roofing,"Holland, MI",https://lakemichconstruction.com/,officecrew.lmc@gmail.com,(616) 377-7775,Site promises to 'get back to you as soon' instead of an instant reply — every lead waits while competitors answer in seconds.
Allen's Roofing,Roofing,"Knoxville, TN",https://allensroofing.com/,tallenroofing@gmail.com,(865) 377-3535,Site promises to 'get back to you as soon' instead of an instant reply — every lead waits while competitors answer in seconds.
All-Weather Seal of West Michigan,Roofing,"Lowell, MI",https://allweathersealinc.com/,FORM ONLY: https://allweathersealinc.com/contact-us,(616) 426-6646,Site promises to 'get back to you as soon' instead of an instant reply — every lead waits while competitors answer in seconds.
Amber Valley Construction,Roofing,"Wyoming, MI",https://ambervalleyconstruction.com/,info@ambervalleyconstruction.com,(616) 965-1759,Thin online reputation at 7 reviews (5★) — no automated review-request flow after completed jobs.
20/20 Exteriors,Roofing,"Spokane Valley, WA",https://2020exteriors.com/,info@2020exteriors.com,(509) 688-4480,Thin online reputation at 28 reviews (5★) — no automated review-request flow after completed jobs.
